{
  "mse": 0.8527319188089436,
  "rmse": 0.9234348481668556,
  "mae": 0.7297853674406466,
  "r2": 0.14801476752174647
}